sample_model,sample_platform,opcode,logical_id,slice_id,channel,chip,die,plane,issue_ns,channel_start_ns,channel_end_ns,array_start_ns,array_end_ns,complete_ns
opt_6_7b,cam_llm_s,READ_COMPUTE,0,-1,0,0,0,0,0.000,0.000,256.000,256.000,30256.000,30256.000
opt_6_7b,cam_llm_s,READ_COMPUTE,0,-1,1,0,0,0,0.000,0.000,256.000,256.000,30256.000,30256.000
opt_6_7b,cam_llm_s,READ_COMPUTE,0,-1,2,0,0,0,0.000,0.000,256.000,256.000,30256.000,30256.000
opt_6_7b,cam_llm_s,READ_COMPUTE,0,-1,3,0,0,0,0.000,0.000,256.000,256.000,30256.000,30256.000
opt_6_7b,cam_llm_s,READ_COMPUTE,0,-1,4,0,0,0,0.000,0.000,256.000,256.000,30256.000,30256.000
opt_6_7b,cam_llm_s,READ_COMPUTE,0,-1,5,0,0,0,0.000,0.000,256.000,256.000,30256.000,30256.000
opt_6_7b,cam_llm_s,READ_COMPUTE,0,-1,6,0,0,0,0.000,0.000,256.000,256.000,30256.000,30256.000
opt_6_7b,cam_llm_s,READ_COMPUTE,0,-1,7,0,0,0,0.000,0.000,256.000,256.000,30256.000,30256.000
opt_6_7b,cam_llm_s,READ_COMPUTE,1,-1,0,1,0,0,30256.000,30256.000,30512.000,30512.000,60512.000,60512.000
opt_6_7b,cam_llm_s,READ_COMPUTE,1,-1,1,1,0,0,30256.000,30256.000,30512.000,30512.000,60512.000,60512.000
opt_6_7b,cam_llm_s,READ_COMPUTE,1,-1,2,1,0,0,30256.000,30256.000,30512.000,30512.000,60512.000,60512.000
opt_6_7b,cam_llm_s,READ_COMPUTE,1,-1,3,1,0,0,30256.000,30256.000,30512.000,30512.000,60512.000,60512.000
opt_6_7b,cam_llm_s,READ_COMPUTE,1,-1,4,1,0,0,30256.000,30256.000,30512.000,30512.000,60512.000,60512.000
opt_6_7b,cam_llm_s,READ_COMPUTE,1,-1,5,1,0,0,30256.000,30256.000,30512.000,30512.000,60512.000,60512.000
opt_6_7b,cam_llm_s,READ_COMPUTE,1,-1,6,1,0,0,30256.000,30256.000,30512.000,30512.000,60512.000,60512.000
opt_6_7b,cam_llm_s,READ_COMPUTE,1,-1,7,1,0,0,30256.000,30256.000,30512.000,30512.000,60512.000,60512.000
opt_6_7b,cam_llm_s,READ_COMPUTE,2,-1,0,0,1,0,60512.000,60512.000,60768.000,60768.000,90768.000,90768.000
opt_6_7b,cam_llm_s,READ_COMPUTE,2,-1,1,0,1,0,60512.000,60512.000,60768.000,60768.000,90768.000,90768.000
opt_6_7b,cam_llm_s,READ_COMPUTE,2,-1,2,0,1,0,60512.000,60512.000,60768.000,60768.000,90768.000,90768.000
opt_6_7b,cam_llm_s,READ_COMPUTE,2,-1,3,0,1,0,60512.000,60512.000,60768.000,60768.000,90768.000,90768.000
opt_6_7b,cam_llm_s,READ_COMPUTE,2,-1,4,0,1,0,60512.000,60512.000,60768.000,60768.000,90768.000,90768.000
opt_6_7b,cam_llm_s,READ_COMPUTE,2,-1,5,0,1,0,60512.000,60512.000,60768.000,60768.000,90768.000,90768.000
opt_6_7b,cam_llm_s,READ_COMPUTE,2,-1,6,0,1,0,60512.000,60512.000,60768.000,60768.000,90768.000,90768.000
opt_6_7b,cam_llm_s,READ_COMPUTE,2,-1,7,0,1,0,60512.000,60512.000,60768.000,60768.000,90768.000,90768.000
opt_6_7b,cam_llm_s,READ_COMPUTE,3,-1,0,1,1,0,90768.000,90768.000,91024.000,91024.000,121024.000,121024.000
opt_6_7b,cam_llm_s,READ_COMPUTE,3,-1,1,1,1,0,90768.000,90768.000,91024.000,91024.000,121024.000,121024.000
opt_6_7b,cam_llm_s,READ_COMPUTE,3,-1,2,1,1,0,90768.000,90768.000,91024.000,91024.000,121024.000,121024.000
opt_6_7b,cam_llm_s,READ_COMPUTE,3,-1,3,1,1,0,90768.000,90768.000,91024.000,91024.000,121024.000,121024.000
opt_6_7b,cam_llm_s,READ_COMPUTE,3,-1,4,1,1,0,90768.000,90768.000,91024.000,91024.000,121024.000,121024.000
opt_6_7b,cam_llm_s,READ_COMPUTE,3,-1,5,1,1,0,90768.000,90768.000,91024.000,91024.000,121024.000,121024.000
opt_6_7b,cam_llm_s,READ_COMPUTE,3,-1,6,1,1,0,90768.000,90768.000,91024.000,91024.000,121024.000,121024.000
opt_6_7b,cam_llm_s,READ_COMPUTE,3,-1,7,1,1,0,90768.000,90768.000,91024.000,91024.000,121024.000,121024.000
opt_6_7b,cam_llm_s,READ_SLICE,0,0,0,1,1,1,90768.000,91024.000,95120.000,-1.000,-1.000,95120.000
opt_6_7b,cam_llm_s,READ_SLICE,0,0,1,1,1,1,90768.000,91024.000,95120.000,-1.000,-1.000,95120.000
opt_6_7b,cam_llm_s,READ_SLICE,0,0,2,1,1,1,90768.000,91024.000,95120.000,-1.000,-1.000,95120.000
opt_6_7b,cam_llm_s,READ_SLICE,0,0,3,1,1,1,90768.000,91024.000,95120.000,-1.000,-1.000,95120.000
opt_6_7b,cam_llm_s,READ_SLICE,0,0,4,1,1,1,90768.000,91024.000,95120.000,-1.000,-1.000,95120.000
opt_6_7b,cam_llm_s,READ_SLICE,0,0,5,1,1,1,90768.000,91024.000,95120.000,-1.000,-1.000,95120.000
opt_6_7b,cam_llm_s,READ_SLICE,0,0,6,1,1,1,90768.000,91024.000,95120.000,-1.000,-1.000,95120.000
opt_6_7b,cam_llm_s,READ_SLICE,0,0,7,1,1,1,90768.000,91024.000,95120.000,-1.000,-1.000,95120.000
opt_6_7b,cam_llm_s,READ_SLICE,0,1,0,1,1,1,90768.000,95120.000,99216.000,-1.000,-1.000,99216.000
opt_6_7b,cam_llm_s,READ_SLICE,0,1,1,1,1,1,90768.000,95120.000,99216.000,-1.000,-1.000,99216.000
opt_6_7b,cam_llm_s,READ_SLICE,0,1,2,1,1,1,90768.000,95120.000,99216.000,-1.000,-1.000,99216.000
opt_6_7b,cam_llm_s,READ_SLICE,0,1,3,1,1,1,90768.000,95120.000,99216.000,-1.000,-1.000,99216.000
opt_6_7b,cam_llm_s,READ_SLICE,0,1,4,1,1,1,90768.000,95120.000,99216.000,-1.000,-1.000,99216.000
opt_6_7b,cam_llm_s,READ_SLICE,0,1,5,1,1,1,90768.000,95120.000,99216.000,-1.000,-1.000,99216.000
opt_6_7b,cam_llm_s,READ_SLICE,0,1,6,1,1,1,90768.000,95120.000,99216.000,-1.000,-1.000,99216.000
opt_6_7b,cam_llm_s,READ_SLICE,0,1,7,1,1,1,90768.000,95120.000,99216.000,-1.000,-1.000,99216.000
opt_6_7b,cam_llm_s,READ_SLICE,0,2,0,1,1,1,90768.000,99216.000,103312.000,-1.000,-1.000,103312.000
opt_6_7b,cam_llm_s,READ_SLICE,0,2,1,1,1,1,90768.000,99216.000,103312.000,-1.000,-1.000,103312.000
opt_6_7b,cam_llm_s,READ_SLICE,0,2,2,1,1,1,90768.000,99216.000,103312.000,-1.000,-1.000,103312.000
opt_6_7b,cam_llm_s,READ_SLICE,0,2,3,1,1,1,90768.000,99216.000,103312.000,-1.000,-1.000,103312.000
opt_6_7b,cam_llm_s,READ_SLICE,0,2,4,1,1,1,90768.000,99216.000,103312.000,-1.000,-1.000,103312.000
opt_6_7b,cam_llm_s,READ_SLICE,0,2,5,1,1,1,90768.000,99216.000,103312.000,-1.000,-1.000,103312.000
opt_6_7b,cam_llm_s,READ_SLICE,0,2,6,1,1,1,90768.000,99216.000,103312.000,-1.000,-1.000,103312.000
opt_6_7b,cam_llm_s,READ_SLICE,0,2,7,1,1,1,90768.000,99216.000,103312.000,-1.000,-1.000,103312.000
opt_6_7b,cam_llm_s,READ_SLICE,0,3,0,1,1,1,90768.000,103312.000,107408.000,-1.000,-1.000,107408.000
opt_6_7b,cam_llm_s,READ_SLICE,0,3,1,1,1,1,90768.000,103312.000,107408.000,-1.000,-1.000,107408.000
opt_6_7b,cam_llm_s,READ_SLICE,0,3,2,1,1,1,90768.000,103312.000,107408.000,-1.000,-1.000,107408.000
opt_6_7b,cam_llm_s,READ_SLICE,0,3,3,1,1,1,90768.000,103312.000,107408.000,-1.000,-1.000,107408.000
opt_6_7b,cam_llm_s,READ_SLICE,0,3,4,1,1,1,90768.000,103312.000,107408.000,-1.000,-1.000,107408.000
opt_6_7b,cam_llm_s,READ_SLICE,0,3,5,1,1,1,90768.000,103312.000,107408.000,-1.000,-1.000,107408.000
opt_6_7b,cam_llm_s,READ_SLICE,0,3,6,1,1,1,90768.000,103312.000,107408.000,-1.000,-1.000,107408.000
opt_6_7b,cam_llm_s,READ_SLICE,0,3,7,1,1,1,90768.000,103312.000,107408.000,-1.000,-1.000,107408.000
opt_6_7b,cam_llm_s,READ_COMPUTE,4,-1,0,0,0,1,121024.000,121024.000,121280.000,121280.000,151280.000,151280.000
opt_6_7b,cam_llm_s,READ_COMPUTE,4,-1,1,0,0,1,121024.000,121024.000,121280.000,121280.000,151280.000,151280.000
opt_6_7b,cam_llm_s,READ_COMPUTE,4,-1,2,0,0,1,121024.000,121024.000,121280.000,121280.000,151280.000,151280.000
opt_6_7b,cam_llm_s,READ_COMPUTE,4,-1,3,0,0,1,121024.000,121024.000,121280.000,121280.000,151280.000,151280.000
opt_6_7b,cam_llm_s,READ_COMPUTE,4,-1,4,0,0,1,121024.000,121024.000,121280.000,121280.000,151280.000,151280.000
opt_6_7b,cam_llm_s,READ_COMPUTE,4,-1,5,0,0,1,121024.000,121024.000,121280.000,121280.000,151280.000,151280.000
opt_6_7b,cam_llm_s,READ_COMPUTE,4,-1,6,0,0,1,121024.000,121024.000,121280.000,121280.000,151280.000,151280.000
opt_6_7b,cam_llm_s,READ_COMPUTE,4,-1,7,0,0,1,121024.000,121024.000,121280.000,121280.000,151280.000,151280.000
opt_6_7b,cam_llm_s,READ_COMPUTE,5,-1,0,1,0,1,151280.000,151280.000,151536.000,151536.000,181536.000,181536.000
opt_6_7b,cam_llm_s,READ_COMPUTE,5,-1,1,1,0,1,151280.000,151280.000,151536.000,151536.000,181536.000,181536.000
opt_6_7b,cam_llm_s,READ_COMPUTE,5,-1,2,1,0,1,151280.000,151280.000,151536.000,151536.000,181536.000,181536.000
opt_6_7b,cam_llm_s,READ_COMPUTE,5,-1,3,1,0,1,151280.000,151280.000,151536.000,151536.000,181536.000,181536.000
opt_6_7b,cam_llm_s,READ_COMPUTE,5,-1,4,1,0,1,151280.000,151280.000,151536.000,151536.000,181536.000,181536.000
opt_6_7b,cam_llm_s,READ_COMPUTE,5,-1,5,1,0,1,151280.000,151280.000,151536.000,151536.000,181536.000,181536.000
opt_6_7b,cam_llm_s,READ_COMPUTE,5,-1,6,1,0,1,151280.000,151280.000,151536.000,151536.000,181536.000,181536.000
opt_6_7b,cam_llm_s,READ_COMPUTE,5,-1,7,1,0,1,151280.000,151280.000,151536.000,151536.000,181536.000,181536.000
opt_6_7b,cam_llm_s,READ_COMPUTE,6,-1,0,0,1,1,181536.000,181536.000,181792.000,181792.000,211792.000,211792.000
opt_6_7b,cam_llm_s,READ_COMPUTE,6,-1,1,0,1,1,181536.000,181536.000,181792.000,181792.000,211792.000,211792.000
opt_6_7b,cam_llm_s,READ_COMPUTE,6,-1,2,0,1,1,181536.000,181536.000,181792.000,181792.000,211792.000,211792.000
opt_6_7b,cam_llm_s,READ_COMPUTE,6,-1,3,0,1,1,181536.000,181536.000,181792.000,181792.000,211792.000,211792.000
opt_6_7b,cam_llm_s,READ_COMPUTE,6,-1,4,0,1,1,181536.000,181536.000,181792.000,181792.000,211792.000,211792.000
opt_6_7b,cam_llm_s,READ_COMPUTE,6,-1,5,0,1,1,181536.000,181536.000,181792.000,181792.000,211792.000,211792.000
opt_6_7b,cam_llm_s,READ_COMPUTE,6,-1,6,0,1,1,181536.000,181536.000,181792.000,181792.000,211792.000,211792.000
opt_6_7b,cam_llm_s,READ_COMPUTE,6,-1,7,0,1,1,181536.000,181536.000,181792.000,181792.000,211792.000,211792.000
opt_6_7b,cam_llm_s,READ_COMPUTE,7,-1,0,1,1,1,211792.000,211792.000,212048.000,212048.000,242048.000,242048.000
opt_6_7b,cam_llm_s,READ_COMPUTE,7,-1,1,1,1,1,211792.000,211792.000,212048.000,212048.000,242048.000,242048.000
opt_6_7b,cam_llm_s,READ_COMPUTE,7,-1,2,1,1,1,211792.000,211792.000,212048.000,212048.000,242048.000,242048.000
opt_6_7b,cam_llm_s,READ_COMPUTE,7,-1,3,1,1,1,211792.000,211792.000,212048.000,212048.000,242048.000,242048.000
opt_6_7b,cam_llm_s,READ_COMPUTE,7,-1,4,1,1,1,211792.000,211792.000,212048.000,212048.000,242048.000,242048.000
opt_6_7b,cam_llm_s,READ_COMPUTE,7,-1,5,1,1,1,211792.000,211792.000,212048.000,212048.000,242048.000,242048.000
opt_6_7b,cam_llm_s,READ_COMPUTE,7,-1,6,1,1,1,211792.000,211792.000,212048.000,212048.000,242048.000,242048.000
opt_6_7b,cam_llm_s,READ_COMPUTE,7,-1,7,1,1,1,211792.000,211792.000,212048.000,212048.000,242048.000,242048.000
opt_6_7b,cam_llm_s,READ_SLICE,1,0,0,1,1,0,211792.000,212048.000,216144.000,-1.000,-1.000,216144.000
opt_6_7b,cam_llm_s,READ_SLICE,1,0,1,1,1,0,211792.000,212048.000,216144.000,-1.000,-1.000,216144.000
opt_6_7b,cam_llm_s,READ_SLICE,1,0,2,1,1,0,211792.000,212048.000,216144.000,-1.000,-1.000,216144.000
opt_6_7b,cam_llm_s,READ_SLICE,1,0,3,1,1,0,211792.000,212048.000,216144.000,-1.000,-1.000,216144.000
opt_6_7b,cam_llm_s,READ_SLICE,1,0,4,1,1,0,211792.000,212048.000,216144.000,-1.000,-1.000,216144.000
opt_6_7b,cam_llm_s,READ_SLICE,1,0,5,1,1,0,211792.000,212048.000,216144.000,-1.000,-1.000,216144.000
opt_6_7b,cam_llm_s,READ_SLICE,1,0,6,1,1,0,211792.000,212048.000,216144.000,-1.000,-1.000,216144.000
opt_6_7b,cam_llm_s,READ_SLICE,1,0,7,1,1,0,211792.000,212048.000,216144.000,-1.000,-1.000,216144.000
opt_6_7b,cam_llm_s,READ_SLICE,1,1,0,1,1,0,211792.000,216144.000,220240.000,-1.000,-1.000,220240.000
opt_6_7b,cam_llm_s,READ_SLICE,1,1,1,1,1,0,211792.000,216144.000,220240.000,-1.000,-1.000,220240.000
opt_6_7b,cam_llm_s,READ_SLICE,1,1,2,1,1,0,211792.000,216144.000,220240.000,-1.000,-1.000,220240.000
opt_6_7b,cam_llm_s,READ_SLICE,1,1,3,1,1,0,211792.000,216144.000,220240.000,-1.000,-1.000,220240.000
opt_6_7b,cam_llm_s,READ_SLICE,1,1,4,1,1,0,211792.000,216144.000,220240.000,-1.000,-1.000,220240.000
opt_6_7b,cam_llm_s,READ_SLICE,1,1,5,1,1,0,211792.000,216144.000,220240.000,-1.000,-1.000,220240.000
opt_6_7b,cam_llm_s,READ_SLICE,1,1,6,1,1,0,211792.000,216144.000,220240.000,-1.000,-1.000,220240.000
opt_6_7b,cam_llm_s,READ_SLICE,1,1,7,1,1,0,211792.000,216144.000,220240.000,-1.000,-1.000,220240.000
opt_6_7b,cam_llm_s,READ_SLICE,1,2,0,1,1,0,211792.000,220240.000,224336.000,-1.000,-1.000,224336.000
opt_6_7b,cam_llm_s,READ_SLICE,1,2,1,1,1,0,211792.000,220240.000,224336.000,-1.000,-1.000,224336.000
opt_6_7b,cam_llm_s,READ_SLICE,1,2,2,1,1,0,211792.000,220240.000,224336.000,-1.000,-1.000,224336.000
opt_6_7b,cam_llm_s,READ_SLICE,1,2,3,1,1,0,211792.000,220240.000,224336.000,-1.000,-1.000,224336.000
opt_6_7b,cam_llm_s,READ_SLICE,1,2,4,1,1,0,211792.000,220240.000,224336.000,-1.000,-1.000,224336.000
opt_6_7b,cam_llm_s,READ_SLICE,1,2,5,1,1,0,211792.000,220240.000,224336.000,-1.000,-1.000,224336.000
opt_6_7b,cam_llm_s,READ_SLICE,1,2,6,1,1,0,211792.000,220240.000,224336.000,-1.000,-1.000,224336.000
opt_6_7b,cam_llm_s,READ_SLICE,1,2,7,1,1,0,211792.000,220240.000,224336.000,-1.000,-1.000,224336.000
opt_6_7b,cam_llm_s,READ_SLICE,1,3,0,1,1,0,211792.000,224336.000,228432.000,-1.000,-1.000,228432.000
opt_6_7b,cam_llm_s,READ_SLICE,1,3,1,1,1,0,211792.000,224336.000,228432.000,-1.000,-1.000,228432.000
opt_6_7b,cam_llm_s,READ_SLICE,1,3,2,1,1,0,211792.000,224336.000,228432.000,-1.000,-1.000,228432.000
opt_6_7b,cam_llm_s,READ_SLICE,1,3,3,1,1,0,211792.000,224336.000,228432.000,-1.000,-1.000,228432.000
opt_6_7b,cam_llm_s,READ_SLICE,1,3,4,1,1,0,211792.000,224336.000,228432.000,-1.000,-1.000,228432.000
opt_6_7b,cam_llm_s,READ_SLICE,1,3,5,1,1,0,211792.000,224336.000,228432.000,-1.000,-1.000,228432.000
opt_6_7b,cam_llm_s,READ_SLICE,1,3,6,1,1,0,211792.000,224336.000,228432.000,-1.000,-1.000,228432.000
opt_6_7b,cam_llm_s,READ_SLICE,1,3,7,1,1,0,211792.000,224336.000,228432.000,-1.000,-1.000,228432.000
opt_6_7b,cam_llm_s,READ_COMPUTE,8,-1,0,0,0,0,242048.000,242048.000,242304.000,242304.000,272304.000,272304.000
opt_6_7b,cam_llm_s,READ_COMPUTE,8,-1,1,0,0,0,242048.000,242048.000,242304.000,242304.000,272304.000,272304.000
opt_6_7b,cam_llm_s,READ_COMPUTE,8,-1,2,0,0,0,242048.000,242048.000,242304.000,242304.000,272304.000,272304.000
opt_6_7b,cam_llm_s,READ_COMPUTE,8,-1,3,0,0,0,242048.000,242048.000,242304.000,242304.000,272304.000,272304.000
opt_6_7b,cam_llm_s,READ_COMPUTE,8,-1,4,0,0,0,242048.000,242048.000,242304.000,242304.000,272304.000,272304.000
opt_6_7b,cam_llm_s,READ_COMPUTE,8,-1,5,0,0,0,242048.000,242048.000,242304.000,242304.000,272304.000,272304.000
opt_6_7b,cam_llm_s,READ_COMPUTE,8,-1,6,0,0,0,242048.000,242048.000,242304.000,242304.000,272304.000,272304.000
opt_6_7b,cam_llm_s,READ_COMPUTE,8,-1,7,0,0,0,242048.000,242048.000,242304.000,242304.000,272304.000,272304.000
opt_6_7b,cam_llm_s,READ_COMPUTE,9,-1,0,1,0,0,272304.000,272304.000,272560.000,272560.000,302560.000,302560.000
opt_6_7b,cam_llm_s,READ_COMPUTE,9,-1,1,1,0,0,272304.000,272304.000,272560.000,272560.000,302560.000,302560.000
opt_6_7b,cam_llm_s,READ_COMPUTE,9,-1,2,1,0,0,272304.000,272304.000,272560.000,272560.000,302560.000,302560.000
opt_6_7b,cam_llm_s,READ_COMPUTE,9,-1,3,1,0,0,272304.000,272304.000,272560.000,272560.000,302560.000,302560.000
opt_6_7b,cam_llm_s,READ_COMPUTE,9,-1,4,1,0,0,272304.000,272304.000,272560.000,272560.000,302560.000,302560.000
opt_6_7b,cam_llm_s,READ_COMPUTE,9,-1,5,1,0,0,272304.000,272304.000,272560.000,272560.000,302560.000,302560.000
opt_6_7b,cam_llm_s,READ_COMPUTE,9,-1,6,1,0,0,272304.000,272304.000,272560.000,272560.000,302560.000,302560.000
opt_6_7b,cam_llm_s,READ_COMPUTE,9,-1,7,1,0,0,272304.000,272304.000,272560.000,272560.000,302560.000,302560.000
opt_6_7b,cam_llm_s,READ_COMPUTE,10,-1,0,0,1,0,302560.000,302560.000,302816.000,302816.000,332816.000,332816.000
opt_6_7b,cam_llm_s,READ_COMPUTE,10,-1,1,0,1,0,302560.000,302560.000,302816.000,302816.000,332816.000,332816.000
opt_6_7b,cam_llm_s,READ_COMPUTE,10,-1,2,0,1,0,302560.000,302560.000,302816.000,302816.000,332816.000,332816.000
opt_6_7b,cam_llm_s,READ_COMPUTE,10,-1,3,0,1,0,302560.000,302560.000,302816.000,302816.000,332816.000,332816.000
opt_6_7b,cam_llm_s,READ_COMPUTE,10,-1,4,0,1,0,302560.000,302560.000,302816.000,302816.000,332816.000,332816.000
opt_6_7b,cam_llm_s,READ_COMPUTE,10,-1,5,0,1,0,302560.000,302560.000,302816.000,302816.000,332816.000,332816.000
opt_6_7b,cam_llm_s,READ_COMPUTE,10,-1,6,0,1,0,302560.000,302560.000,302816.000,302816.000,332816.000,332816.000
opt_6_7b,cam_llm_s,READ_COMPUTE,10,-1,7,0,1,0,302560.000,302560.000,302816.000,302816.000,332816.000,332816.000
opt_6_7b,cam_llm_s,READ_COMPUTE,11,-1,0,1,1,0,332816.000,332816.000,333072.000,333072.000,363072.000,363072.000
opt_6_7b,cam_llm_s,READ_COMPUTE,11,-1,1,1,1,0,332816.000,332816.000,333072.000,333072.000,363072.000,363072.000
opt_6_7b,cam_llm_s,READ_COMPUTE,11,-1,2,1,1,0,332816.000,332816.000,333072.000,333072.000,363072.000,363072.000
opt_6_7b,cam_llm_s,READ_COMPUTE,11,-1,3,1,1,0,332816.000,332816.000,333072.000,333072.000,363072.000,363072.000
opt_6_7b,cam_llm_s,READ_COMPUTE,11,-1,4,1,1,0,332816.000,332816.000,333072.000,333072.000,363072.000,363072.000
opt_6_7b,cam_llm_s,READ_COMPUTE,11,-1,5,1,1,0,332816.000,332816.000,333072.000,333072.000,363072.000,363072.000
opt_6_7b,cam_llm_s,READ_COMPUTE,11,-1,6,1,1,0,332816.000,332816.000,333072.000,333072.000,363072.000,363072.000
opt_6_7b,cam_llm_s,READ_COMPUTE,11,-1,7,1,1,0,332816.000,332816.000,333072.000,333072.000,363072.000,363072.000
opt_6_7b,cam_llm_s,READ_SLICE,2,0,0,1,1,1,332816.000,333072.000,337168.000,-1.000,-1.000,337168.000
opt_6_7b,cam_llm_s,READ_SLICE,2,0,1,1,1,1,332816.000,333072.000,337168.000,-1.000,-1.000,337168.000
opt_6_7b,cam_llm_s,READ_SLICE,2,0,2,1,1,1,332816.000,333072.000,337168.000,-1.000,-1.000,337168.000
opt_6_7b,cam_llm_s,READ_SLICE,2,0,3,1,1,1,332816.000,333072.000,337168.000,-1.000,-1.000,337168.000
opt_6_7b,cam_llm_s,READ_SLICE,2,0,4,1,1,1,332816.000,333072.000,337168.000,-1.000,-1.000,337168.000
opt_6_7b,cam_llm_s,READ_SLICE,2,0,5,1,1,1,332816.000,333072.000,337168.000,-1.000,-1.000,337168.000
opt_6_7b,cam_llm_s,READ_SLICE,2,0,6,1,1,1,332816.000,333072.000,337168.000,-1.000,-1.000,337168.000
opt_6_7b,cam_llm_s,READ_SLICE,2,0,7,1,1,1,332816.000,333072.000,337168.000,-1.000,-1.000,337168.000
opt_6_7b,cam_llm_s,READ_SLICE,2,1,0,1,1,1,332816.000,337168.000,341264.000,-1.000,-1.000,341264.000
opt_6_7b,cam_llm_s,READ_SLICE,2,1,1,1,1,1,332816.000,337168.000,341264.000,-1.000,-1.000,341264.000
opt_6_7b,cam_llm_s,READ_SLICE,2,1,2,1,1,1,332816.000,337168.000,341264.000,-1.000,-1.000,341264.000
opt_6_7b,cam_llm_s,READ_SLICE,2,1,3,1,1,1,332816.000,337168.000,341264.000,-1.000,-1.000,341264.000
opt_6_7b,cam_llm_s,READ_SLICE,2,1,4,1,1,1,332816.000,337168.000,341264.000,-1.000,-1.000,341264.000
opt_6_7b,cam_llm_s,READ_SLICE,2,1,5,1,1,1,332816.000,337168.000,341264.000,-1.000,-1.000,341264.000
opt_6_7b,cam_llm_s,READ_SLICE,2,1,6,1,1,1,332816.000,337168.000,341264.000,-1.000,-1.000,341264.000
opt_6_7b,cam_llm_s,READ_SLICE,2,1,7,1,1,1,332816.000,337168.000,341264.000,-1.000,-1.000,341264.000
opt_6_7b,cam_llm_s,READ_SLICE,2,2,0,1,1,1,332816.000,341264.000,345360.000,-1.000,-1.000,345360.000
opt_6_7b,cam_llm_s,READ_SLICE,2,2,1,1,1,1,332816.000,341264.000,345360.000,-1.000,-1.000,345360.000
opt_6_7b,cam_llm_s,READ_SLICE,2,2,2,1,1,1,332816.000,341264.000,345360.000,-1.000,-1.000,345360.000
opt_6_7b,cam_llm_s,READ_SLICE,2,2,3,1,1,1,332816.000,341264.000,345360.000,-1.000,-1.000,345360.000
opt_6_7b,cam_llm_s,READ_SLICE,2,2,4,1,1,1,332816.000,341264.000,345360.000,-1.000,-1.000,345360.000
opt_6_7b,cam_llm_s,READ_SLICE,2,2,5,1,1,1,332816.000,341264.000,345360.000,-1.000,-1.000,345360.000
opt_6_7b,cam_llm_s,READ_SLICE,2,2,6,1,1,1,332816.000,341264.000,345360.000,-1.000,-1.000,345360.000
opt_6_7b,cam_llm_s,READ_SLICE,2,2,7,1,1,1,332816.000,341264.000,345360.000,-1.000,-1.000,345360.000
opt_6_7b,cam_llm_s,READ_SLICE,2,3,0,1,1,1,332816.000,345360.000,349456.000,-1.000,-1.000,349456.000
opt_6_7b,cam_llm_s,READ_SLICE,2,3,1,1,1,1,332816.000,345360.000,349456.000,-1.000,-1.000,349456.000
opt_6_7b,cam_llm_s,READ_SLICE,2,3,2,1,1,1,332816.000,345360.000,349456.000,-1.000,-1.000,349456.000
opt_6_7b,cam_llm_s,READ_SLICE,2,3,3,1,1,1,332816.000,345360.000,349456.000,-1.000,-1.000,349456.000
opt_6_7b,cam_llm_s,READ_SLICE,2,3,4,1,1,1,332816.000,345360.000,349456.000,-1.000,-1.000,349456.000
opt_6_7b,cam_llm_s,READ_SLICE,2,3,5,1,1,1,332816.000,345360.000,349456.000,-1.000,-1.000,349456.000
opt_6_7b,cam_llm_s,READ_SLICE,2,3,6,1,1,1,332816.000,345360.000,349456.000,-1.000,-1.000,349456.000
opt_6_7b,cam_llm_s,READ_SLICE,2,3,7,1,1,1,332816.000,345360.000,349456.000,-1.000,-1.000,349456.000
opt_6_7b,cam_llm_s,READ_COMPUTE,12,-1,0,0,0,1,363072.000,363072.000,363328.000,363328.000,393328.000,393328.000
opt_6_7b,cam_llm_s,READ_COMPUTE,12,-1,1,0,0,1,363072.000,363072.000,363328.000,363328.000,393328.000,393328.000
opt_6_7b,cam_llm_s,READ_COMPUTE,12,-1,2,0,0,1,363072.000,363072.000,363328.000,363328.000,393328.000,393328.000
opt_6_7b,cam_llm_s,READ_COMPUTE,12,-1,3,0,0,1,363072.000,363072.000,363328.000,363328.000,393328.000,393328.000
opt_6_7b,cam_llm_s,READ_COMPUTE,12,-1,4,0,0,1,363072.000,363072.000,363328.000,363328.000,393328.000,393328.000
opt_6_7b,cam_llm_s,READ_COMPUTE,12,-1,5,0,0,1,363072.000,363072.000,363328.000,363328.000,393328.000,393328.000
opt_6_7b,cam_llm_s,READ_COMPUTE,12,-1,6,0,0,1,363072.000,363072.000,363328.000,363328.000,393328.000,393328.000
opt_6_7b,cam_llm_s,READ_COMPUTE,12,-1,7,0,0,1,363072.000,363072.000,363328.000,363328.000,393328.000,393328.000
opt_6_7b,cam_llm_s,READ_COMPUTE,13,-1,0,1,0,1,393328.000,393328.000,393584.000,393584.000,423584.000,423584.000
opt_6_7b,cam_llm_s,READ_COMPUTE,13,-1,1,1,0,1,393328.000,393328.000,393584.000,393584.000,423584.000,423584.000
opt_6_7b,cam_llm_s,READ_COMPUTE,13,-1,2,1,0,1,393328.000,393328.000,393584.000,393584.000,423584.000,423584.000
opt_6_7b,cam_llm_s,READ_COMPUTE,13,-1,3,1,0,1,393328.000,393328.000,393584.000,393584.000,423584.000,423584.000
opt_6_7b,cam_llm_s,READ_COMPUTE,13,-1,4,1,0,1,393328.000,393328.000,393584.000,393584.000,423584.000,423584.000
opt_6_7b,cam_llm_s,READ_COMPUTE,13,-1,5,1,0,1,393328.000,393328.000,393584.000,393584.000,423584.000,423584.000
opt_6_7b,cam_llm_s,READ_COMPUTE,13,-1,6,1,0,1,393328.000,393328.000,393584.000,393584.000,423584.000,423584.000
opt_6_7b,cam_llm_s,READ_COMPUTE,13,-1,7,1,0,1,393328.000,393328.000,393584.000,393584.000,423584.000,423584.000
opt_6_7b,cam_llm_s,READ_COMPUTE,14,-1,0,0,1,1,423584.000,423584.000,423840.000,423840.000,453840.000,453840.000
opt_6_7b,cam_llm_s,READ_COMPUTE,14,-1,1,0,1,1,423584.000,423584.000,423840.000,423840.000,453840.000,453840.000
opt_6_7b,cam_llm_s,READ_COMPUTE,14,-1,2,0,1,1,423584.000,423584.000,423840.000,423840.000,453840.000,453840.000
opt_6_7b,cam_llm_s,READ_COMPUTE,14,-1,3,0,1,1,423584.000,423584.000,423840.000,423840.000,453840.000,453840.000
opt_6_7b,cam_llm_s,READ_COMPUTE,14,-1,4,0,1,1,423584.000,423584.000,423840.000,423840.000,453840.000,453840.000
opt_6_7b,cam_llm_s,READ_COMPUTE,14,-1,5,0,1,1,423584.000,423584.000,423840.000,423840.000,453840.000,453840.000
opt_6_7b,cam_llm_s,READ_COMPUTE,14,-1,6,0,1,1,423584.000,423584.000,423840.000,423840.000,453840.000,453840.000
opt_6_7b,cam_llm_s,READ_COMPUTE,14,-1,7,0,1,1,423584.000,423584.000,423840.000,423840.000,453840.000,453840.000
opt_6_7b,cam_llm_s,READ_COMPUTE,15,-1,0,1,1,1,453840.000,453840.000,454096.000,454096.000,484096.000,484096.000
opt_6_7b,cam_llm_s,READ_COMPUTE,15,-1,1,1,1,1,453840.000,453840.000,454096.000,454096.000,484096.000,484096.000
opt_6_7b,cam_llm_s,READ_COMPUTE,15,-1,2,1,1,1,453840.000,453840.000,454096.000,454096.000,484096.000,484096.000
opt_6_7b,cam_llm_s,READ_COMPUTE,15,-1,3,1,1,1,453840.000,453840.000,454096.000,454096.000,484096.000,484096.000
opt_6_7b,cam_llm_s,READ_COMPUTE,15,-1,4,1,1,1,453840.000,453840.000,454096.000,454096.000,484096.000,484096.000
opt_6_7b,cam_llm_s,READ_COMPUTE,15,-1,5,1,1,1,453840.000,453840.000,454096.000,454096.000,484096.000,484096.000
opt_6_7b,cam_llm_s,READ_COMPUTE,15,-1,6,1,1,1,453840.000,453840.000,454096.000,454096.000,484096.000,484096.000
opt_6_7b,cam_llm_s,READ_COMPUTE,15,-1,7,1,1,1,453840.000,453840.000,454096.000,454096.000,484096.000,484096.000
opt_6_7b,cam_llm_s,READ_SLICE,3,0,0,1,1,0,453840.000,454096.000,458192.000,-1.000,-1.000,458192.000
opt_6_7b,cam_llm_s,READ_SLICE,3,0,1,1,1,0,453840.000,454096.000,458192.000,-1.000,-1.000,458192.000
opt_6_7b,cam_llm_s,READ_SLICE,3,0,2,1,1,0,453840.000,454096.000,458192.000,-1.000,-1.000,458192.000
opt_6_7b,cam_llm_s,READ_SLICE,3,0,3,1,1,0,453840.000,454096.000,458192.000,-1.000,-1.000,458192.000
opt_6_7b,cam_llm_s,READ_SLICE,3,0,4,1,1,0,453840.000,454096.000,458192.000,-1.000,-1.000,458192.000
opt_6_7b,cam_llm_s,READ_SLICE,3,0,5,1,1,0,453840.000,454096.000,458192.000,-1.000,-1.000,458192.000
opt_6_7b,cam_llm_s,READ_SLICE,3,0,6,1,1,0,453840.000,454096.000,458192.000,-1.000,-1.000,458192.000
opt_6_7b,cam_llm_s,READ_SLICE,3,0,7,1,1,0,453840.000,454096.000,458192.000,-1.000,-1.000,458192.000
opt_6_7b,cam_llm_s,READ_SLICE,3,1,0,1,1,0,453840.000,458192.000,462288.000,-1.000,-1.000,462288.000
opt_6_7b,cam_llm_s,READ_SLICE,3,1,1,1,1,0,453840.000,458192.000,462288.000,-1.000,-1.000,462288.000
opt_6_7b,cam_llm_s,READ_SLICE,3,1,2,1,1,0,453840.000,458192.000,462288.000,-1.000,-1.000,462288.000
opt_6_7b,cam_llm_s,READ_SLICE,3,1,3,1,1,0,453840.000,458192.000,462288.000,-1.000,-1.000,462288.000
opt_6_7b,cam_llm_s,READ_SLICE,3,1,4,1,1,0,453840.000,458192.000,462288.000,-1.000,-1.000,462288.000
opt_6_7b,cam_llm_s,READ_SLICE,3,1,5,1,1,0,453840.000,458192.000,462288.000,-1.000,-1.000,462288.000
opt_6_7b,cam_llm_s,READ_SLICE,3,1,6,1,1,0,453840.000,458192.000,462288.000,-1.000,-1.000,462288.000
opt_6_7b,cam_llm_s,READ_SLICE,3,1,7,1,1,0,453840.000,458192.000,462288.000,-1.000,-1.000,462288.000
opt_6_7b,cam_llm_s,READ_SLICE,3,2,0,1,1,0,453840.000,462288.000,466384.000,-1.000,-1.000,466384.000
opt_6_7b,cam_llm_s,READ_SLICE,3,2,1,1,1,0,453840.000,462288.000,466384.000,-1.000,-1.000,466384.000
opt_6_7b,cam_llm_s,READ_SLICE,3,2,2,1,1,0,453840.000,462288.000,466384.000,-1.000,-1.000,466384.000
opt_6_7b,cam_llm_s,READ_SLICE,3,2,3,1,1,0,453840.000,462288.000,466384.000,-1.000,-1.000,466384.000
opt_6_7b,cam_llm_s,READ_SLICE,3,2,4,1,1,0,453840.000,462288.000,466384.000,-1.000,-1.000,466384.000
opt_6_7b,cam_llm_s,READ_SLICE,3,2,5,1,1,0,453840.000,462288.000,466384.000,-1.000,-1.000,466384.000
opt_6_7b,cam_llm_s,READ_SLICE,3,2,6,1,1,0,453840.000,462288.000,466384.000,-1.000,-1.000,466384.000
opt_6_7b,cam_llm_s,READ_SLICE,3,2,7,1,1,0,453840.000,462288.000,466384.000,-1.000,-1.000,466384.000
opt_6_7b,cam_llm_s,READ_SLICE,3,3,0,1,1,0,453840.000,466384.000,470480.000,-1.000,-1.000,470480.000
opt_6_7b,cam_llm_s,READ_SLICE,3,3,1,1,1,0,453840.000,466384.000,470480.000,-1.000,-1.000,470480.000
opt_6_7b,cam_llm_s,READ_SLICE,3,3,2,1,1,0,453840.000,466384.000,470480.000,-1.000,-1.000,470480.000
opt_6_7b,cam_llm_s,READ_SLICE,3,3,3,1,1,0,453840.000,466384.000,470480.000,-1.000,-1.000,470480.000
opt_6_7b,cam_llm_s,READ_SLICE,3,3,4,1,1,0,453840.000,466384.000,470480.000,-1.000,-1.000,470480.000
opt_6_7b,cam_llm_s,READ_SLICE,3,3,5,1,1,0,453840.000,466384.000,470480.000,-1.000,-1.000,470480.000
opt_6_7b,cam_llm_s,READ_SLICE,3,3,6,1,1,0,453840.000,466384.000,470480.000,-1.000,-1.000,470480.000
opt_6_7b,cam_llm_s,READ_SLICE,3,3,7,1,1,0,453840.000,466384.000,470480.000,-1.000,-1.000,470480.000
